<?xml version="1.0" encoding="UTF-8" ?>
<!DOCTYPE mapper
        PUBLIC "-//mybatis.org//DTD Mapper 3.0//EN"
        "http://mybatis.org/dtd/mybatis-3-mapper.dtd">
<mapper namespace="cn.cherzing.dao.EmployeeMapper">

    <select id="getEmployeeById" resultType="cn.cherzing.pojo.Employee">
        select * from employee where id = #{id}
    </select>

    <insert id="insertInfoEmployee" parameterType="cn.cherzing.pojo.Employee">
        insert into employee(name,age,position) values(#{name},#{age},#{position})
    </insert>

    <update id="updateEmployee" parameterType="cn.cherzing.pojo.Employee">
        update employee set name = #{name},age = #{age},position = #{position} where id = #{id}
    </update>

    <delete id="deleteEmployeeById" parameterType="Integer">
        delete from employee where id = #{id}
    </delete>
</mapper>